country,country_id,year,water_related_adaptation_tech,trade,days_to_register_property,gdp_per_capita,employers,gross_enrolment_ratio,water_stress_index
Algeria,1,1990,0,48.3807136815584,,10300.0150420056,,92.59344,
Algeria,1,2000,0,62.8637951105937,,10257.741569271,6.99300003051758,105.16491,0.302660180156908
Algeria,1,2005,0,71.2774398307326,74,12370.8920050248,5.23899984359741,107.5861,0.319611649536709
Algeria,1,2010,0,69.8675717597612,55,12919.4910536141,3.69899988174438,115.33758,0.342618402383331
Algeria,1,2011,0,67.4734554826681,55,13046.1285113709,3.43799996376038,116.56791,0.347353461608531
Algeria,1,2012,0,65.4038581360773,55,13229.0087109151,3.7590000629425,118.07959,0.352088520833732
Algeria,1,2013,0.5,63.6110260152932,55,13329.7707580155,4.10599994659424,119.53932,0.352988615004334
Algeria,1,2014,0,62.1458629596308,55,13557.7697574639,4.23000001907349,118.50281,0.354095748512409
Algeria,1,2015,1,59.6950803585319,55,13774.758920347,4.35699987411499,115.87784,0.354995842683011
Algeria,1,2016,0,55.9256615946787,55,13926.9104885426,4.48699998855591,113.8302,0.354995842683011
Angola,2,1990,0,,,4761.22963799363,,73.03959,
Angola,2,2000,0,152.547109454858,,3892.3169253943,4.30000019073486,,0.391108749217793
Angola,2,2005,0.33,106.590962129525,335,5112.58920166573,4.15899991989136,,0.382192735681951
Angola,2,2010,0,104.123629959119,190,6360.44193782807,4.17899990081787,105.78104,0.38288660643365
Angola,2,2011,0,99.9825078537909,190,6346.39512245023,4.18499994277954,119.53014,0.382361834805859
Angola,2,2012,0,91.8000986064676,190,6645.08562465345,4.1729998588562,,0.382044102515541
Angola,2,2013,0,86.8119307833605,190,6730.94582201132,4.17199993133545,,0.38151933088775
Angola,2,2014,0,79.3329275092697,190,6813.05210589335,4.1710000038147,,0.380994559259958
Angola,2,2015,0,62.8885207850511,190,6644.85725505813,4.18100023269653,113.47796,0.380469787632167
Angola,2,2016,0,53.3701552785467,190,6258.37662755942,4.2039999961853,,0.380469787632167
Benin,3,1990,0,45.7201821451396,,1462.67742107927,,51.25493,
Benin,3,2000,0,55.99169035644,,1666.46746353098,1.24000000953674,82.52927,0.441764605504037
Benin,3,2005,0,45.8165601073486,120,1735.97415014991,1.25,100.83883,0.432880289158808
Benin,3,2010,0,56.6399410520827,120,1818.77846075906,1.25,120.15201,0.4242007389922
Benin,3,2011,0,50.6668303862009,120,1820.8893040888,1.25199997425079,122.72604,0.422545418450333
Benin,3,2012,0,54.7516983253646,120,1855.93633148333,1.25399994850159,127.21515,0.420683058570992
Benin,3,2013,,63.8936018213567,120,1934.62261495887,1.2610000371933,128.7361,0.419027738029125
Benin,3,2014,,74.1768559224919,120,2001.05200039071,1.26600003242493,129.59567,0.417372417487258
Benin,3,2015,,58.7978847750724,120,1987.14191963108,1.27300000190735,132.46685,0.417166372307709
Benin,3,2016,,61.0906566522829,120,2009.66101931751,1.27900004386902,130.90229,0.417166372307709
Botswana,4,1990,0,104.847320396747,,8501.71963851476,,111.03426,
Botswana,4,2000,0,91.924729689918,,10718.1650867188,2.03200006484985,110.42842,0.305392126335073
Botswana,4,2005,0,88.5053520573505,11,11696.6015068047,2.34599995613098,111.14859,0.304884896956565
Botswana,4,2010,0,94.8997963219007,12,13235.1642703252,2.62700009346008,,0.304518413531611
Botswana,4,2011,0.5,103.545578765389,12,13838.6028216807,2.62400007247925,,0.304405986751803
Botswana,4,2012,0,110.654896318837,12,14284.1185822187,2.62100005149841,105.08085,0.304293559971996
Botswana,4,2013,0,122.553558664126,12,15727.187060045,2.625,105.00144,0.304181133192189
Botswana,4,2014,0,114.66201490712,12,16175.2394459843,2.62299990653992,103.71764,0.304275745749855
Botswana,4,2015,0,107.524391320928,12,15659.8968068401,2.61400008201599,103.23839,0.304370358307522
Botswana,4,2016,0,92.9247236803439,12,16037.2089568421,2.61100006103516,,0.304370358307522
Burkina Faso,5,1990,0,35.4226504401749,,844.342167576777,,32.5255,
Burkina Faso,5,2000,0,34.5123824969857,,1075.39533703334,0.779999971389771,45.01737,0.437467159062027
Burkina Faso,5,2005,0,35.5357195534817,182,1266.36153727954,0.808000028133392,58.32719,0.422405864399086
Burkina Faso,5,2010,0,48.8668309061283,67,1423.37770598198,0.740000009536743,78.01417,0.40530897066908
Burkina Faso,5,2011,0,58.1539870387695,67,1472.71584137964,0.726000010967255,81.59491,0.401792599602913
Burkina Faso,5,2012,0,62.6790476334154,67,1521.45154039989,0.699999988079071,84.09261,0.398483267874219
Burkina Faso,5,2013,,50.139608310745,67,1562.29994921861,0.671000003814697,85.7184,0.398279526207637
Burkina Faso,5,2014,,46.6250086362305,67,1582.33009760085,0.65200001001358,87.33791,0.398075784541056
Burkina Faso,5,2015,,62.3343770669398,67,1596.33458051647,0.654999971389771,88.36616,0.397872042874474
Burkina Faso,5,2016,,66.4257084965113,67,1642.0391957597,0.66100001335144,91.11084,0.397872042874474
Burundi,6,1990,0,35.6481395516768,,1027.39665998435,,68.61555,
Burundi,6,2000,0,22.5537244890286,,717.973021535117,0.0729999989271164,58.00494,0.207991091110643
Burundi,6,2005,0,35.1,104,692.569818912491,0.0729999989271164,80.97311,0.204264383036109
Burundi,6,2010,0,39.5000053977394,94,733.727722815265,0.0719999969005585,137.17011,0.200786122166543
Burundi,6,2011,0,43.0000028373483,94,739.219254973908,0.0719999969005585,140.82891,0.200040780551637
Burundi,6,2012,0,43.6999890071038,64,748.075520582737,0.0719999969005585,139.17042,0.19929543893673
Burundi,6,2013,,46.6000131147541,26,760.699069642062,0.0719999969005585,136.63232,0.198798544526792
Burundi,6,2014,,41.7576921762705,23,768.469836927654,0.0719999969005585,134.29949,0.198053202911885
Burundi,6,2015,,32.5419541361693,23,715.54988614254,0.0719999969005585,130.90342,0.197804755706916
Burundi,6,2016,,31.7442237764751,23,689.014891669999,0.0719999969005585,128.04206,0.197804755706916
Cabo Verde,7,1990,0,85.9515840306445,,1676.19028831897,,126.17496,
Cabo Verde,7,2000,0,87.5206083614917,,3896.96062789052,2.80100011825562,120.12322,0.273729723659182
Cabo Verde,7,2005,1,104.343839857053,83,4759.13261124538,3.07299995422363,114.22731,0.273729723659182
Cabo Verde,7,2010,0,94.438345997315,73,5943.35034723677,3.35400009155273,111.11215,0.273729723659182
Cabo Verde,7,2011,0,99.8491499689029,31,6102.41216353509,3.41899991035461,109.01763,0.273729723659182
Cabo Verde,7,2012,0,100.277141835777,31,6090.55379800137,3.45799994468689,107.90758,0.273729723659182
Cabo Verde,7,2013,0,95.3390887796444,22,6061.31205669713,3.51999998092651,108.19293,0.273729723659182
Cabo Verde,7,2014,0,101.046439747406,22,6021.6283629113,3.59100008010864,107.42931,0.273729723659182
Cabo Verde,7,2015,0,104.066088981317,22,6007.2182902507,3.64499998092651,105.49684,0.273729723659182
Cabo Verde,7,2016,0,104.1918617279,22,6214.08023407487,3.65700006484985,103.90747,0.273729723659182
Cameroon,8,1990,0,37.496445441126,,3003.85881744117,,98.87776,
Cameroon,8,2000,0,50.8528689657817,,2563.53987243004,1.9650000333786,85.20452,0.352718327217349
Cameroon,8,2005,0,50.9685648032125,93,2779.31604963596,2.13000011444092,103.44945,0.346334954277969
Cameroon,8,2010,0.5,49.1238553054146,93,2876.42910520644,2.68300008773804,108.13266,0.339380778304731
Cameroon,8,2011,0,56.9362989131295,93,2914.2376674035,2.78099989891052,107.22814,0.337716984351367
Cameroon,8,2012,0,56.3871141595805,93,2964.55353983975,2.88800001144409,111.66619,0.336053190398004
Cameroon,8,2013,0,55.6054771582752,86,3040.97115233589,2.98399996757507,,0.33438939644464
Cameroon,8,2014,0,55.0647944776196,86,3134.08070428593,3.08299994468689,113.27903,0.334174877853596
Cameroon,8,2015,0,49.8692069982459,86,3223.5827301615,3.07299995422363,116.21044,0.334167398600025
Cameroon,8,2016,0,43.2045179184235,86,3284.86382356597,3.07200002670288,116.1173,0.334167398600025
CAR,9,1990,0,42.9429835183745,,982.659793044258,,72.77173,
CAR,9,2000,0,45.6597819937269,,850.533326019011,1.11199998855591,,0.24328268623889
CAR,9,2005,0,35.0709368656226,75,839.74837832113,1.11500000953674,63.89601,0.237580754089239
CAR,9,2010,0,34.4304819543042,75,982.393325512052,1.12100005149841,87.33161,0.231618021169984
CAR,9,2011,0,34.4756183327299,75,1016.21855192248,1.11899995803833,87.6729,0.23037578514514
CAR,9,2012,0,33.0594485943314,75,1063.29748519137,1.11699998378754,87.80936,0.229133549120295
CAR,9,2013,,38.3992875721315,75,674.589742211828,1.13399994373322,,0.228885101915326
CAR,9,2014,,53.0950920179825,75,672.681648275246,1.16700005531311,,0.228636654710357
CAR,9,2015,,53.1451477769621,75,697.327494786133,1.16299998760223,,0.228388207505388
CAR,9,2016,,50.53064402191,75,723.286649914428,1.15900003910065,102.0189,0.228388207505388
Chad,10,1990,0,41.3870234428165,,1109.24751666948,,49.45624,
Chad,10,2000,0,51.5711720135652,,991.626463522323,0.211999997496605,63.6706,0.454469336222041
Chad,10,2005,0,85.8467450268875,44,1788.14499460607,0.228000000119209,71.61457,0.448446267195671
Chad,10,2010,0,80.3907092891162,44,1914.73584783321,0.232999995350838,81.91848,0.442235087071447
Chad,10,2011,0,80.6810748936415,44,1852.93815588829,0.236000001430511,88.64548,0.440992851046603
Chad,10,2012,0,80.5756196842099,44,1950.6542205937,0.239999994635582,92.89533,0.439750615021758
Chad,10,2013,0,72.6489157572057,44,1993.89434104213,0.233999997377396,100.13275,0.439502167816789
Chad,10,2014,0,76.6265231668971,44,2062.34506917925,0.234999999403954,101.58483,0.439502167816789
Chad,10,2015,0,66.5641643497065,44,2052.2236152887,0.233999997377396,91.58313,0.439502167816789
Chad,10,2016,0,63.2969251336898,44,1864.30218834915,0.229000002145767,86.84687,0.439502167816789
Comoros,11,1990,0,35.7570317175344,,2580.50055464827,,99.05364,
Comoros,11,2000,0,35.7574785467961,,2388.51199501145,4.97499990463257,103.19,0.115159807525403
Comoros,11,2005,0,35.7574093340398,30,2373.42081480282,4.97399997711182,,0.115159807525403
Comoros,11,2010,0,39.5501369651607,30,2426.18249620984,4.97300004959106,,0.115159807525403
Comoros,11,2011,0,40.0009955862344,30,2465.32491834502,4.97100019454956,108.02465,0.115159807525403
Comoros,11,2012,0,40.8104189375399,30,2483.40992411992,4.96000003814697,,0.115159807525403
Comoros,11,2013,,39.2432952739814,30,2533.44379757944,4.96999979019165,107.03179,0.115159807525403
Comoros,11,2014,,39.2358231954392,30,2525.72610934726,4.96099996566772,104.97489,0.115159807525403
Comoros,11,2015,,37.8049520714563,30,2494.67324266475,4.95499992370605,,0.115159807525403
Comoros,11,2016,,37.1328797158337,30,2518.65371370093,4.96600008010864,,0.115159807525403
Congo,12,1990,0,70.8193543307087,,5323.02270723099,,124.01422,
Congo,12,2000,0,123.909884405671,,4620.9894788906,1.1139999628067,86.47666,0.45748652175601
Congo,12,2005,0,138.663567306195,75,4867.92265817337,1.11500000953674,108.52121,0.452323870088646
Congo,12,2010,0,139.817599025563,54,5323.42872751902,1.14699995517731,109.1602,0.446953436257942
Congo,12,2011,0,145.118779248577,54,5353.80429630661,1.14499998092651,109.23187,0.445919428091958
Congo,12,2012,0,144.104414836472,54,5415.11371719297,1.14100003242493,106.64006,0.444885419925972
Congo,12,2013,0,142.60444140185,54,5465.0384451386,1.12300002574921,,0.443851411759987
Congo,12,2014,0,143.239383251792,54,5694.86242077095,1.11699998378754,,0.442817403594002
Congo,12,2015,0,165.64586294781,54,5702.1829761714,1.07599997520447,,0.44240451344044
Congo,12,2016,0,152.142345789697,54,5403.53600845664,1.05799996852875,,0.44240451344044
Cote d'Ivoire,13,1990,0,58.8014956103209,,3285.58894116357,,71.7442,
Cote d'Ivoire,13,2000,0,74.6378042390658,,2989.1467200384,0.948000013828278,73.91165,0.277716721670787
Cote d'Ivoire,13,2005,0,93.9226377104127,389,2679.7873860311,0.930999994277954,,0.282959145823156
Cote d'Ivoire,13,2010,0,93.9594342201443,51,2673.01308258126,0.924000024795532,,0.288024640286809
Cote d'Ivoire,13,2011,0,91.1548311894458,51,2495.49512456671,0.921999990940094,79.69289,0.288587964067096
Cote d'Ivoire,13,2012,0,93.6744757762067,51,2696.19163882678,0.938000023365021,82.73464,0.288944248509908
Cote d'Ivoire,13,2013,,80.1268296365365,39,2864.04862737733,0.870999991893768,83.99138,0.289300532952721
Cote d'Ivoire,13,2014,,73.6452482139772,30,3038.8448270952,1.15299999713898,86.80014,0.289656817395533
Cote d'Ivoire,13,2015,,71.9648778454473,30,3225.18885921985,1.50999999046326,90.65904,0.290427180513294
Cote d'Ivoire,13,2016,,63.7483776166493,30,3395.0889323301,1.97800004482269,95.88669,0.290427180513294
Djibouti,14,1990,0,,,,,33.29796,
Djibouti,14,2000,0,,,,2.29800009727478,32.49772,0.0615551200437677
Djibouti,14,2005,0,,54,,2.28500008583069,43.61315,0.0531079150748235
Djibouti,14,2010,0,,45,,2.31399989128113,,0.0444122629009105
Djibouti,14,2011,0,,45,2744.26865451208,2.31599998474121,66.50891,0.0426731324661279
Djibouti,14,2012,0,,45,,2.31800007820129,69.41965,0.0426731324661279
Djibouti,14,2013,,376.224089706235,45,,2.33999991416931,69.42004,0.0426731324661279
Djibouti,14,2014,,319.790625381849,45,,2.34699988365173,70.98679,0.0424246852611589
Djibouti,14,2015,,280.120446949929,45,,2.3510000705719,70.13204,0.0424246852611589
Djibouti,14,2016,,224.462119084321,45,,2.34400010108948,69.38296,0.0424246852611589
Egypt,15,1990,0,52.9227557411273,,5897.86889749359,,91.01533,
Egypt,15,2000,0,39.0179359012055,,7504.46253111624,17.1229991912842,93.82132,0.410602667883745
Egypt,15,2005,5,62.9526462395543,195,8136.54463103277,14.7040004730225,95.70667,0.416132895966982
Egypt,15,2010,0,47.9363500745898,89,10019.3097059591,14.7440004348755,102.28534,0.422992391389339
Egypt,15,2011,2,45.2556341623514,89,9982.84570166468,15.710000038147,99.18449,0.423075003144686
Egypt,15,2012,4.33,40.7117692721084,89,9981.5519611199,15.6829996109009,104.77974,0.423364654237507
Egypt,15,2013,2,40.373038056332,79,9970.97576557921,12.5590000152588,105.09443,0.423447265992854
Egypt,15,2014,0.25,36.9201877934272,76,10032.4820516833,13.7159996032715,103.87154,0.423943956423149
Egypt,15,2015,5.5,34.8459429600229,76,10242.5343552391,11.9469995498657,104.63256,0.42423360751597
Egypt,15,2016,1,30.2465490514505,76,10460.906417732,10.4099998474121,105.39358,0.42423360751597
Equitorial Guinea,16,1990,0,,,1017.76413582286,,,
Equitorial Guinea,16,2000,0,,,10937.6970387747,7.84000015258789,103.11262,0.24560001999786
Equitorial Guinea,16,2005,0,131.02447181321,23,31697.8014713925,8.75399971008301,90.01092,0.24560001999786
Equitorial Guinea,16,2010,0,144.668225001248,23,33990.1467708637,9.09200000762939,69.38205,0.245103125587922
Equitorial Guinea,16,2011,0,114.377346635354,23,34622.1162657965,9.14700031280518,67.9409,0.244854678382953
Equitorial Guinea,16,2012,0,116.675422472364,23,35887.8163024139,9.22000026702881,69.14431,0.244606231177984
Equitorial Guinea,16,2013,,106.893284926066,23,32959.1080995665,9.12600040435791,,0.244606231177984
Equitorial Guinea,16,2014,,104.379198671388,23,31743.4107479562,9.09000015258789,,0.244357783973015
Equitorial Guinea,16,2015,,98.8780591680756,23,27708.638181831,8.95300006866455,61.77515,0.244109336768046
Equitorial Guinea,16,2016,,92.6007307237942,23,24296.6035798435,8.83899974822998,,0.244109336768046
Eritrea,17,1990,0,,,,,32.15279,
Eritrea,17,2000,0,67.8813619265146,,2485.15631856786,0.465000003576279,80.25584,0.472723817541952
Eritrea,17,2005,0,61.1060310218073,78,2287.15097564887,0.474999994039536,112.46723,0.472590468146735
Eritrea,17,2010,0,28.1343228728752,78,1961.57171367473,0.486000001430511,83.67567,0.467039306652652
Eritrea,17,2011,0,37.5299147004539,78,2102.95405980347,0.495000004768372,86.23454,0.4658016057752
Eritrea,17,2012,0,,78,,0.485000014305115,87.27343,0.464770944235221
Eritrea,17,2013,,,78,,0.48199999332428,92.24737,0.46456844004514
Eritrea,17,2014,,,78,,0.503000020980835,79.85055,0.464365935855058
Eritrea,17,2015,,,78,,0.479999989271164,76.161,0.464163431664976
Eritrea,17,2016,,,78,,0.493999987840652,76.161,0.464163431664976
Eswatini,18,1990,0,127.901782455933,,5632.89814057727,,91.63648,
Eswatini,18,2000,0,156.402024294579,,6164.68948187643,1.5900000333786,106.3866,
Eswatini,18,2005,0,124.538034828077,44,7238.55862756221,1.77600002288818,111.77379,
Eswatini,18,2010,0,106.667440371489,42,8242.15962211508,1.95799994468689,124.90719,
Eswatini,18,2011,0,80.7613069294334,21,8370.81909722899,1.99300003051758,124.49223,
Eswatini,18,2012,0,79.6648175021011,21,8762.80518954596,2.04500007629395,123.65051,
Eswatini,18,2013,,86.7980700390913,21,9038.01606758825,2.07500004768372,121.94038,
Eswatini,18,2014,,88.3542733373535,21,9052.40212901916,2.11299991607666,120.72312,
Eswatini,18,2015,,83.7974392605873,21,9186.04260541643,2.15799999237061,119.21538,
Eswatini,18,2016,,86.093022705897,21,9219.54287856812,2.1949999332428,116.79501,
Ethiopia,19,1990,0,,,654.657557216511,,35.25617,
Ethiopia,19,2000,0,,,621.159817123854,0.90200001001358,54.71842,0.510201649445669
Ethiopia,19,2005,0,,54,736.033196119248,0.712000012397766,79.05261,0.495117415011711
Ethiopia,19,2010,0,,52,1074.59461303402,0.564999997615814,91.65653,0.471232554720768
Ethiopia,19,2011,0,48.232935411689,52,1161.58143397688,0.541999995708466,94.27972,0.466297947194599
Ethiopia,19,2012,0,45.3979041835072,52,1226.82261687126,0.518999993801117,94.26506,0.46136333966843
Ethiopia,19,2013,,41.4717870807625,52,1318.83264888247,0.500999987125397,,0.456428732142261
Ethiopia,19,2014,,40.7410841498626,52,1413.96251778798,0.512000024318695,99.25276,0.451494124616092
Ethiopia,19,2015,,39.6561241449515,52,1518.47487145011,0.523000001907349,100.97149,0.446559517089924
Ethiopia,19,2016,,34.8990528009428,52,1617.32266870747,0.535000026226044,,0.446559517089924
Gabon,20,1990,0,76.8974453905961,,19556.6658397948,,,
Gabon,20,2000,0,101.701928939637,,17822.4922378501,1.11899995803833,,0.317593764121341
Gabon,20,2005,0,83.9495998399241,58,16955.3457342617,1.69599997997284,,0.309835319552742
Gabon,20,2010,0,89.1576627248353,37,15507.7275528356,2.54999995231628,,0.303847327154383
Gabon,20,2011,0,90.4983773331323,37,16011.1245045144,2.53200006484985,,0.302881721521826
Gabon,20,2012,0,92.3428089420545,102,16225.3875240525,2.51300001144409,,0.301709076551794
Gabon,20,2013,0,90.6350361478645,102,16504.613134815,2.49499988555908,,0.300743470919236
Gabon,20,2014,,73.5203290162438,102,16606.9190226429,2.4760000705719,,0.299777865286678
Gabon,20,2015,,73.9497814588281,72,16685.2323042237,2.45700001716614,,0.299847456341491
Gabon,20,2016,,70.1333810645308,72,16523.5857795859,2.43700003623962,,0.299847456341491
Gambia,21,1990,0,131.485415341849,,2448.49319839292,,58.64826,
Gambia,21,2000,0,56.3598198850954,,2454.17536717365,1.44400000572205,80.24207,0.294839300140723
Gambia,21,2005,0,50.0187233950976,73,2395.47898900164,1.44200003147125,79.64805,0.286888989581717
Gambia,21,2010,0,41.0125150279466,73,2536.57151591903,1.45099997520447,79.78491,0.279435573432648
Gambia,21,2011,0,42.6397020468894,73,2261.04901704761,1.44700002670288,77.9264,0.277944890202835
Gambia,21,2012,0,47.7006731141985,73,2308.53421990139,1.46700000762939,81.20061,0.276454206973021
Gambia,21,2013,,46.1086568055991,73,2303.86305452136,1.4650000333786,82.98383,0.276454206973021
Gambia,21,2014,,52.7080204302165,73,2203.7336836449,1.47399997711182,86.74099,0.276205759768052
Gambia,21,2015,,48.9134188035951,73,2225.20105209912,1.49000000953674,90.04513,0.276205759768052
Gambia,21,2016,,48.0898108254623,73,2201.6528880187,1.48699998855591,92.02221,0.276205759768052
Ghana,22,1990,0,42.7281781307805,,1900.75837522456,,71.38048,
Ghana,22,2000,0,116.048430162968,,2219.2115110036,4.9210000038147,82.87209,0.256677246496542
Ghana,22,2005,0,98.1715141146279,168,2507.59346029321,5.02299976348877,86.54676,0.243219689560724
Ghana,22,2010,0,75.3778157916824,33,3026.35523319406,5.09100008010864,,0.230590289974803
Ghana,22,2011,0,86.2954538549695,33,3368.80083733842,5.32499980926514,102.97081,0.228105817925113
Ghana,22,2012,0,93.1680351286831,33,3595.64118399197,5.39400005340576,106.68791,0.225828385212898
Ghana,22,2013,,61.6872173700179,33,3769.93967257339,5.4520001411438,106.1008,0.223550952500682
Ghana,22,2014,,65.1705490837961,33,3791.28025098192,5.52400016784668,104.58745,0.221273519788467
Ghana,22,2015,,75.5863939908231,33,3786.96096580241,5.54099988937378,108.33789,0.218996087076252
Ghana,22,2016,,69.3576702283933,33,3830.49766228497,5.51200008392334,106.72797,0.218996087076252
Guinea,23,1990,0,64.5170190173246,,1342.98824016223,,31.81171,
Guinea,23,2000,0,53.4817190113594,,1518.75592775788,1.87399995326996,58.21964,0.345804231360874
Guinea,23,2005,0,69.8967259161112,59,1598.41603111058,1.932000041008,78.10018,0.336054514382629
Guinea,23,2010,0,73.5465665596744,59,1666.48528307497,1.98199999332428,84.24968,0.326597848157918
Guinea,23,2011,0,85.9546731151063,59,1721.45135851851,1.99800002574921,87.28553,0.324623631184772
Guinea,23,2012,0,86.6743242388843,59,1783.64498447266,2.0090000629425,89.20853,0.322649414211626
Guinea,23,2013,0,80.4264444384217,59,1813.03962534092,2.00600004196167,91.14469,0.320882236575954
Guinea,23,2014,0,76.7719635294773,44,1836.53231766506,2.01999998092651,92.76374,0.318908019602808
Guinea,23,2015,0,72.4427253802927,44,1859.9091643684,2.01200008392334,,0.318797156666929
Guinea,23,2016,1,111.839462498737,44,2007.37010495209,2.07100009918213,91.50917,0.318797156666929
Kenya,24,1990,0,57.0209136817269,,2348.09462351218,,98.77615,
Kenya,24,2000,0,53.3090443862273,,2097.79568949405,6.21600008010864,93.18746,0.508818497132906
Kenya,24,2005,0,64.4788661639796,72,2188.93806478149,2.33200001716614,99.34629,0.505701028881426
Kenya,24,2010,0,54.2268646261755,72,2435.83373551697,0.85699999332428,,0.505537641750433
Kenya,24,2011,0,60.4486733202395,72,2515.92747137232,0.697000026702881,,0.50422302694899
Kenya,24,2012,0,57.7650763156861,72,2561.61018039684,0.564999997615814,109.41773,0.502908412147547
Kenya,24,2013,0,53.1330069608796,72,2642.10123471678,0.456999987363815,,0.501800836683579
Kenya,24,2014,1.5,51.2983055115632,72,2713.30027095835,0.368000000715256,105.75341,0.500486221882136
Kenya,24,2015,0,44.2113200647883,61,2797.86358360814,0.296999990940094,103.66157,0.500620882443012
Kenya,24,2016,1,37.6471804955172,61,2891.48715401417,0.238999992609024,103.20534,0.500620882443012
Lesotho,25,1990,0,,,1299.18070952948,,99.91447,
Lesotho,25,2000,0,,,1638.1340573376,0.421999990940094,109.26045,0.201747464522317
Lesotho,25,2005,0,,101,1914.43994620764,0.428999990224838,127.05478,0.201995299788358
Lesotho,25,2010,0,140.082653468736,101,2428.24948214214,0.430000007152557,124.74677,0.202907768723958
Lesotho,25,2011,0,138.388238275469,101,2578.63963387473,0.43299999833107,123.09523,0.202884651031104
Lesotho,25,2012,0,138.99751871049,101,2715.59460614625,0.430999994277954,121.28925,0.202861533338249
Lesotho,25,2013,,124.582523625056,43,2755.63344619073,0.428999990224838,117.20394,0.202838415645395
Lesotho,25,2014,,117.911198649334,43,2812.58350255717,0.433999985456467,116.58582,0.202815297952541
Lesotho,25,2015,,121.949056354189,43,2867.1488535425,0.437999993562698,116.63452,0.202792180259687
Lesotho,25,2016,,124.537034033348,43,2936.63840706158,0.439000010490417,117.69527,0.202792180259687
Liberia,26,1990,0,,,,,,
Liberia,26,2000,0,70.3133867276888,,1317.87130328337,1.88399994373322,116.3043,0.409572784755216
Liberia,26,2005,0,270.363614330875,,940.163230617014,1.97899997234344,,0.400851669122556
Liberia,26,2010,0,111.773793793794,50,1101.48419081554,2.01699995994568,,0.39237121547183
Liberia,26,2011,0,116.26763969975,50,1154.40937039294,1.93299996852875,105.12114,0.390538825544345
Liberia,26,2012,0,122.166508636531,50,1211.05461973314,1.84700000286102,,0.38870643561686
Liberia,26,2013,,130.993055102706,44,1281.5496524534,1.76199996471405,,0.386874045689375
Liberia,26,2014,,136.968705470738,44,1257.62544088118,1.67200005054474,97.42249,0.385041655761889
Liberia,26,2015,,126.017689644319,44,1225.92630469558,1.59500002861023,95.33271,0.383209265834404
Liberia,26,2016,,121.676440421182,44,1176.18804507441,1.50800001621246,89.47021,0.383209265834404
Libya,27,1990,0,70.797800855223,,,,,
Libya,27,2000,0,45.2810937659422,,21912.7963120459,1.14300000667572,,0.390198132226404
Libya,27,2005,0,90.8608896854615,,26017.8847514014,1.16199994087219,102.09305,0.390427626322893
Libya,27,2010,0,107.702458748139,,29493.8573886583,1.17900002002716,,0.390534358671005
Libya,27,2011,0,99.6209891946609,,11096.1563633459,1.10699999332428,,0.390533967710023
Libya,27,2012,0,114.368828654405,,24609.004823378,1.15199995040894,,0.39053357674904
Libya,27,2013,,135.261704681873,,21145.7528009344,1.13399994373322,,0.390533185788058
Libya,27,2014,,138.897612225406,,15965.4917465213,1.11300003528595,,0.390532794827076
Libya,27,2015,,114.245922149291,,14423.0386965157,1.10800004005432,,0.390532403866094
Libya,27,2016,,70.214263429447,,13860.3700053907,1.10699999332428,,0.390532403866094
Madagascar,28,1990,0,44.6293376209175,,1928.01228351434,,92.84109,
Madagascar,28,2000,0,68.6844353317698,,1684.11304976869,1.50699996948242,101.4852,0.482163659976169
Madagascar,28,2005,0,73.7651821256735,137,1620.51864785886,2.1340000629425,138.89947,0.47394295778146
Madagascar,28,2010,2,57.8748945099033,100,1616.10421944676,2.17000007629395,143.71805,0.464157877608304
Madagascar,28,2011,0,56.4830925963965,100,1596.89408977853,2.50999999046326,143.4119,0.462308441781999
Madagascar,28,2012,0,52.6517140807112,100,1600.61495154639,2.8989999294281,143.97814,0.460459005955695
Madagascar,28,2013,0,56.3675817911211,100,1593.60531111549,3.19000005722046,143.89445,0.458402530791916
Madagascar,28,2014,0,61.9694322120362,100,1602.93384942347,3.50600004196167,145.24786,0.456553094965612
Madagascar,28,2015,0,61.2203788355554,100,1609.19796674066,3.84599995613098,147.3142,0.454703659139307
Madagascar,28,2016,0,60.8346984847476,100,1629.06929519626,3.83699989318848,143.82419,0.454703659139307
Malawi,29,1990,0,57.202841729685,,746.812631258861,,74.97911,
Malawi,29,2000,0,60.93863549639,,883.62142599569,1.13499999046326,139.63975,0.347405598329559
Malawi,29,2005,0,57.4479843783725,88,867.720040092124,1.13499999046326,130.48244,0.328601336792845
Malawi,29,2010,0,57.6475200499248,49,1077.54224403208,1.13100004196167,138.75146,0.309570724547947
Malawi,29,2011,0,48.787859784501,69,1097.94213514176,1.12699997425079,140.6202,0.305638806833335
Malawi,29,2012,0,67.8815961229165,69,1087.121206805,1.12600004673004,141.43549,0.301913928456197
Malawi,29,2013,,78.2691065522793,69,1111.64627352124,1.12999999523163,146.91495,0.298189050079059
Malawi,29,2014,,73.3266118606603,69,1142.53080371123,1.13300001621246,147.39579,0.294257132364448
Malawi,29,2015,,64.9112746043301,69,1142.55428298268,1.13199996948242,146.39682,0.29053225398731
Malawi,29,2016,,77.9077147874236,69,1139.63065020559,1.13300001621246,144.53295,0.29053225398731
Mali,30,1990,0,46.5841612438988,,1274.09311259646,,27.26087,
Mali,30,2000,0,55.4225754322684,,1465.75902021165,0.813000023365021,57.85435,0.486843895483425
Mali,30,2005,0,54.1253257762848,44,1763.89778507834,0.850000023841858,73.93555,0.471113155411284
Mali,30,2010,0,57.9852972401459,29,1875.18554002001,0.876999974250793,83.42733,0.456782225638075
Mali,30,2011,0,53.9135577829201,29,1877.89282805323,0.875,84.19555,0.453207550390665
Mali,30,2012,0,58.6706074907593,29,1808.01166779929,0.875999987125397,80.90805,0.449632875143255
Mali,30,2013,,64.8386975335047,29,1796.77182156821,0.880999982357025,76.06293,0.44585116055837
Mali,30,2014,,60.6387006753262,29,1868.313532798,0.890999972820282,77.07611,0.44227648531096
Mali,30,2015,,63.6396332411938,29,1922.43399960672,0.89300000667572,75.68318,0.43870181006355
Mali,30,2016,,63.7896509634428,29,1974.3109904019,0.894999980926514,77.17026,0.43870181006355
Mauritania,31,1990,0,106.373587364636,,2800.93092067817,,46.14144,
Mauritania,31,2000,0,75.2646225360167,,2833.93437742194,2.46000003814697,82.98939,0.473603781465519
Mauritania,31,2005,0,113.204788701313,49,3090.86043315705,2.54200005531311,93.68157,0.456292707572604
Mauritania,31,2010,0,111.920206514297,49,3426.47250505499,2.63000011444092,99.67792,0.444566257872285
Mauritania,31,2011,0,118.619925734308,49,3483.52210100308,2.68799996376038,98.21159,0.442156068409193
Mauritania,31,2012,0,132.493885718521,49,3578.10491817624,2.66400003433228,98.89455,0.439745878946101
Mauritania,31,2013,,121.867186541746,49,3685.70479553939,2.68199992179871,99.02223,0.43733568948301
Mauritania,31,2014,,104.924193052567,49,3779.1011551619,2.62100005149841,100.40212,0.437409972069608
Mauritania,31,2015,,109.399144290691,49,3687.27195295698,2.56800007820129,104.51103,0.437484254656205
Mauritania,31,2016,,101.400331318152,49,3649.51480133712,2.58699989318848,96.83442,0.437484254656205
Mauritius,32,1990,0,137.112068965517,,7580.77522649657,,111.77857,
Mauritius,32,2000,0,122.312602442309,,11282.2507741412,2.17400002479553,104.56011,0.304144972403052
Mauritius,32,2005,0,123.24609942005,210,12877.482961175,2.61500000953674,103.22554,0.314231459016509
Mauritius,32,2010,0,113.457073552476,25,15938.4192089782,4.08599996566772,102.78602,0.313804468430169
Mauritius,32,2011,0,117.538946368786,21,16561.7709831855,4.01900005340576,102.98938,0.313564184490507
Mauritius,32,2012,0,119.500119779606,14,17093.3209320904,3.66700005531311,102.99839,0.313572347755813
Mauritius,32,2013,,109.969736598308,14,17628.8293745855,3.68899989128113,101.95505,0.31333206381615
Mauritius,32,2014,,108.138763766955,14,18255.8699595142,4.4520001411438,102.44734,0.313340227081456
Mauritius,32,2015,,105.009600066359,14,18879.4948538711,3.94600009918213,102.92054,0.313348390346762
Mauritius,32,2016,,97.9855784159258,14,19590.609238339,4.44500017166138,102.45341,0.313348390346762
Morocco,33,1990,0,54.6266874206198,,3923.21020938236,,67.43396,
Morocco,33,2000,3,59.1618267897056,,4492.42579536115,2.15000009536743,92.98183,0.30161420991772
Morocco,33,2005,2,67.9148544916014,78,5373.03228055639,2.48399996757507,105.92903,0.290822896586304
Morocco,33,2010,0,75.2476345357777,76,6456.25842475025,2.75200009346008,109.70624,0.263206941820933
Morocco,33,2011,1.5,83.4268001663258,76,6703.87683123861,2.38299989700317,110.74248,0.26230936339926
Morocco,33,2012,1,85.1249172938184,76,6809.83243355352,2.65599989891052,110.71625,0.261204745640112
Morocco,33,2013,2,80.0205585556891,61,7018.23671508179,2.64299988746643,110.30446,0.260307167218438
Morocco,33,2014,1.5,81.7722741890864,41,7104.52548270533,2.53800010681152,109.95761,0.260030706809187
Morocco,33,2015,1,77.1980363378713,31,7324.9868229104,2.55999994277954,109.52397,0.25996128573741
Morocco,33,2016,0,80.8605951862807,21,7303.98346281615,2.57500004768372,110.39578,0.25996128573741
Mozambique,34,1990,0,,,473.401824426208,,66.24655,
Mozambique,34,2000,0,47.1644766806058,,633.458590927785,3.40300011634827,76.15756,0.371882751485051
Mozambique,34,2005,0,68.9152001107411,50,825.362295454727,3.25,100.37162,0.384577175246476
Mozambique,34,2010,0,70.7870362875668,50,1031.86630620009,2.77500009536743,112.53258,0.394150138195919
Mozambique,34,2011,0,80.2303498035349,48,1078.20860260835,2.69199991226196,108.21974,0.39434538637638
Mozambique,34,2012,0,101.87164442616,48,1125.06504919713,2.60599994659424,106.90179,0.394540634556841
Mozambique,34,2013,,103.150504433069,42,1170.54438748051,2.51900005340576,107.85539,0.394942922074776
Mozambique,34,2014,,111.465174652388,43,1222.45287355544,2.44899988174438,107.59802,0.396587445617555
Mozambique,34,2015,,93.908708946939,43,1268.17632441997,2.36999988555908,108.62914,0.398024929822861
Mozambique,34,2016,,105.638472008349,43,1279.3955438737,2.38299989700317,108.64656,0.398024929822861
Namibia,35,1990,0,93.8999290099693,,5713.19704434449,,115.39239,
Namibia,35,2000,0,87.0918942294063,,6538.53991027538,4.9980001449585,114.46131,0.339331282849495
Namibia,35,2005,0,82.349082225191,32,7701.21882871127,4.9060001373291,113.30325,0.331156425978729
Namibia,35,2010,0,108.41349125361,32,8677.65599794304,4.80999994277954,115.19313,0.323465713511834
Namibia,35,2011,0,103.001158952659,32,8959.51589253357,4.78700017929077,,0.322180641761994
Namibia,35,2012,0,103.56668452323,52,9249.68723240765,4.76300001144409,118.8832,0.320688530674681
Namibia,35,2013,,99.2349744071251,52,9599.64964077086,3.17400002479553,121.06017,0.319196419587367
Namibia,35,2014,,102.14273679212,52,10030.1180351769,3.6800000667572,,0.317911347837528
Namibia,35,2015,,107.135039932925,52,10449.9511284424,4.08099985122681,,0.316626276087688
Namibia,35,2016,,103.237866803409,52,10374.0076307595,4.5149998664856,,0.316626276087688
Niger,36,1990,0,36.4131067764199,,893.012648016391,,26.18664,
Niger,36,2000,0,43.491565135895,,754.855211648053,0.85699999332428,32.35606,0.702491740242436
Niger,36,2005,0,47.3954679583542,36,762.874429061505,0.866999983787537,48.35649,0.692185320323144
Niger,36,2010,0,71.2892562041829,36,812.303874180219,0.885999977588654,62.70836,0.681229203143638
Niger,36,2011,0,68.6890453486899,36,799.258375990871,0.885999977588654,66.51894,0.678956485420867
Niger,36,2012,0,61.2280420099142,36,859.786590868207,0.822000026702881,68.39437,0.676683767698096
Niger,36,2013,0,61.7162382232883,36,870.4018395762,0.744000017642975,69.14922,0.674411049975325
Niger,36,2014,0,60.2958904598854,36,900.136918215285,0.670000016689301,69.57597,0.672759450264976
Niger,36,2015,0,59.1238605083387,36,903.420053638706,0.667999982833862,71.59591,0.672557125916946
Niger,36,2016,0,48.7063865838921,36,912.028581124979,0.666999995708466,73.43233,0.672557125916946
Nigeria,37,1990,0,30.9247400790278,,3360.80870885828,,86.49156,
Nigeria,37,2000,0,48.9955994666527,,3069.43645211614,3.43300008773804,98.6895,0.450222454226977
Nigeria,37,2005,0,33.0594600696505,,4121.50348353358,3.52300000190735,101.36508,0.440696781272983
Nigeria,37,2010,0,43.3207568422645,,5085.41401259899,3.69600009918213,85.11785,0.431522282952603
Nigeria,37,2011,0,53.2779583342983,,5213.83719396966,3.73300004005432,90.67124,0.429425474214115
Nigeria,37,2012,0,44.5323680484012,,5290.63010562191,3.76799988746643,92.09114,0.427535704813101
Nigeria,37,2013,0,31.0488599461247,92.2,5494.51673446098,3.80900001525879,94.11853,0.425438896074613
Nigeria,37,2014,0,30.8851937175215,92.2,5687.59204396668,3.82399988174438,90.10355,0.423549126673599
Nigeria,37,2015,,21.4469296745372,92.2,5685.92583949693,3.77999997138977,87.414595,0.42186639661006
Nigeria,37,2016,,20.7225188807225,92.2,5448.91286698061,3.75099992752075,84.72564,0.42186639661006
Sao Tome and Principe,38,1990,0,,,,,128.10703,
Sao Tome and Principe,38,2000,0,,,,1.58700001239777,126.868955,0.199263273104037
Sao Tome and Principe,38,2005,0,,50,2201.43348632777,1.57200002670288,125.63088,0.171934080557454
Sao Tome and Principe,38,2010,0,,50,2559.57576404024,1.60000002384186,116.59205,0.146157683041925
Sao Tome and Principe,38,2011,0,,50,2612.01014698724,1.59599995613098,116.00737,0.140878179936335
Sao Tome and Principe,38,2012,0,,52,2638.59689995271,1.59399998188019,107.57975,0.140878179936335
Sao Tome and Principe,38,2013,0,,52,2712.6126318552,1.59899997711182,107.07504,0.140878179936335
Sao Tome and Principe,38,2014,0,,52,2836.53531862567,1.60899996757507,103.93214,0.140567620930124
Sao Tome and Principe,38,2015,,,52,2889.5801488777,1.59800004959106,105.26659,0.140567620930124
Sao Tome and Principe,38,2016,,,52,2953.93381554588,1.60500001907349,106.18854,0.140567620930124
Senegal,39,1990,0,57.5961436766922,,2323.34584980438,,54.65079,
Senegal,39,2000,1,65.1419069337643,,2417.82539580607,0.680999994277954,69.26343,0.446476727122815
Senegal,39,2005,0,69.4415856443407,145,2682.44330380725,0.728999972343445,79.9345,0.438935514735811
Senegal,39,2010,0,51.929342800548,122,2775.70191359995,0.781000018119812,84.03488,0.43138726505113
Senegal,39,2011,0,57.0963854317957,122,2739.33565520458,0.794000029563904,86.98813,0.429743617487157
Senegal,39,2012,0,61.2581687343934,122,2800.41159666478,0.806999981403351,86.80446,0.428307009260658
Senegal,39,2013,0,60.2451290806417,122,2799.96241986012,0.814999997615814,84.59473,0.426870401034159
Senegal,39,2014,0,58.4419437340153,71,2902.50733244393,0.829999983310699,85.5735,0.425226753470186
Senegal,39,2015,,58.1099469962983,71,3001.81910716329,0.843999981880188,84.93398,0.423790145243687
Senegal,39,2016,,54.107804385203,71,3104.24448348458,0.846000015735626,84.45544,0.423790145243687
Seychelles,40,1990,0,65.8473895582329,,14216.5298976404,,,
Seychelles,40,2000,0,157.377670566134,,18453.1097708874,,105.58189,
Seychelles,40,2005,0,178.308439734311,33,17812.2799483131,,109.12971,
Seychelles,40,2010,0,201.880604015378,33,20365.1189331513,,110.43179,
Seychelles,40,2011,0,207.157063504092,33,22556.5825709346,,110.46881,
Seychelles,40,2012,0,216.483181811291,33,22618.0123889571,,109.26786,
Seychelles,40,2013,,182.810905549125,33,23540.380506005,,106.84223,
Seychelles,40,2014,,187.257147603709,33,24221.1443467475,,105.55822,
Seychelles,40,2015,,167.208140838219,33,24856.5597944914,,104.37311,
Seychelles,40,2016,,173.577706026393,33,25630.7102400461,,101.90067,
Sierra Leone,41,1990,0,68.690667371374,,1248.39930401293,,47.64499,
Sierra Leone,41,2000,0,57.5299628959222,,908.706205578841,2.54500007629395,59.55328,0.415881993925023
Sierra Leone,41,2005,0,46.872841394771,236,1063.90846449143,2.56599998474121,,0.405706432340776
Sierra Leone,41,2010,0,51.277552995909,86,1208.04872063314,2.57100009918213,,0.395319448961717
Sierra Leone,41,2011,0,80.7169470499489,86,1255.45303814858,2.57800006866455,113.78105,0.393060156839071
Sierra Leone,41,2012,0,93.2741188545165,67,1413.88133993363,2.65000009536743,116.58758,0.391007904053899
Sierra Leone,41,2013,,87.4528009894414,67,1669.13127790833,2.71600008010864,118.2061,0.388748611931253
Sierra Leone,41,2014,,83.1857952601291,56,1707.09733472882,2.64499998092651,,0.386696359146081
Sierra Leone,41,2015,,66.8026117984293,56,1326.20550445645,2.52600002288818,116.09913,0.384644106360909
Sierra Leone,41,2016,,79.4160025693785,56,1376.39747367488,2.60599994659424,118.24678,0.384644106360909
Somalia,42,1990,0,47.5281520075737,,,,,
Somalia,42,2000,0,,,,1.07500004768372,,0.559158679487465
Somalia,42,2005,0,,,,1.07299995422363,,0.549154133367541
Somalia,42,2010,0,,,,1.0789999961853,,0.542942953243318
Somalia,42,2011,0,,,,1.08599996566772,,0.542321835230895
Somalia,42,2012,0,,,,1.08899998664856,,0.542321835230895
Somalia,42,2013,,115.701116776568,,,1.09300005435944,,0.542321835230895
Somalia,42,2014,,122.334072226018,,,1.09700000286102,,0.542321835230895
Somalia,42,2015,,124.114389283634,188,,1.09899997711182,,0.542321835230895
Somalia,42,2016,,125.315655382259,188,,1.10099995136261,,0.542321835230895
South Africa,43,1990,0,41.6826381154025,,9900.21523278755,,104.80574,
South Africa,43,2000,0,51.4377739547977,,9700.61662522287,7.58099985122681,101.48921,0.297755542934906
South Africa,43,2005,7.5,53.1491153902934,23,10994.8782990321,7.84100008010864,105.94827,0.299170703384052
South Africa,43,2010,0,55.9889858083946,23,11973.1504778322,5.54899978637695,104.72938,0.300800552407277
South Africa,43,2011,3,60.1126299035533,23,12179.1741881803,5.5479998588562,103.41839,0.300800562742678
South Africa,43,2012,4,60.8996994350378,23,12253.2173642834,5.32800006866455,103.2292,0.301007612415552
South Africa,43,2013,2.83,64.2417598187413,23,12357.6986867129,5.33599996566772,102.6704,0.301214662088426
South Africa,43,2014,1,64.4345011131428,23,12388.2566577708,5.30299997329712,102.70496,0.300449840417629
South Africa,43,2015,3,61.6170734766724,23,12345.9288035405,5.15999984741211,105.57039,0.299685018746832
South Africa,43,2016,10.33,60.6381880497172,23,12214.9547703948,5.53000020980835,103.18496,0.299685018746832
Sudan,44,1990,0,11.0874555357019,,1762.20343177267,,,
Sudan,44,2000,0,29.4042344599492,,2319.22798019924,4.92799997329712,,0.677132095281608
Sudan,44,2005,0,47.5800213061606,11,2750.62744413148,5.21799993515015,63.33872,0.684378472093202
Sudan,44,2010,0,36.9756093605738,11,3396.64309590861,5.42600011825562,71.72598,0.69183188824227
Sudan,44,2011,0,33.1116717381964,11,3643.09216091874,5.4060001373291,69.47705,0.690796691554899
Sudan,44,2012,0,24.7210007848718,11,4074.02250123862,5.31799983978271,70.88316,0.690934675284123
Sudan,44,2013,0,23.7285080364512,11,4152.24947525657,5.44000005722046,72.01494,0.691279698350821
Sudan,44,2014,0,19.458834255033,11,4161.89506238384,5.49900007247925,72.26756,0.691624721417519
Sudan,44,2015,0,19.1008041102885,11,4262.23362226171,5.51300001144409,73.14597,0.691969744484217
Sudan,44,2016,0,22.3559290338775,11,4356.78413105344,5.54099988937378,75.90737,0.691969744484217
Tanzania,45,1990,0,50.0757801016741,,1545.52188263472,,70.55308,
Tanzania,45,2000,0,23.980867699183,,1564.65101145885,1.63300001621246,68.84672,0.330585241975511
Tanzania,45,2005,0,36.9592732888675,73,1909.08983725215,1.6690000295639,105.41054,0.34544617885401
Tanzania,45,2010,0,47.6404394303252,73,2227.96245593513,2.12599992752075,102.84167,0.358798346307698
Tanzania,45,2011,0,56.1661241825971,73,2329.33043657044,2.26799988746643,97.20787,0.360100416361107
Tanzania,45,2012,0,54.369588009896,67,2362.93231835003,2.38100004196167,94.17554,0.361402486414516
Tanzania,45,2013,,48.6306153506748,67,2448.89599430439,2.51799988746643,90.04184,0.362911595805398
Tanzania,45,2014,,45.3560221042122,67,2536.60008831559,2.65300011634827,86.7885,0.364213665858807
Tanzania,45,2015,,40.7576802266343,67,2613.35719131545,2.67899990081787,84.67947,0.365515735912216
Tanzania,45,2016,,35.4204700249486,67,2710.40979791376,2.70600008964539,85.29786,0.365515735912216
Togo,46,1990,0,78.8091502260223,,1298.47945759853,,92.66586,
Togo,46,2000,0,71.3047860748825,,1235.46482862298,1.54499995708466,115.98607,0.369593683745284
Togo,46,2005,0,91.540145103917,295,1145.91213124786,1.5349999666214,114.62911,0.364833138847665
Togo,46,2010,0,90.272655481103,295,1241.92066902775,1.64699995517731,127.33743,0.359861475019715
Togo,46,2011,0,93.0070554405715,295,1286.47049660966,1.68299996852875,124.70912,0.358564674440413
Togo,46,2012,0,106.986147449713,295,1334.66076671312,1.71000003814697,127.21418,0.357474913198584
Togo,46,2013,,118.102345600582,295,1379.39899388641,1.74399995803833,127.43318,0.356178112619282
Togo,46,2014,,97.4595039412637,295,1423.55300158527,1.77199995517731,123.94583,0.355088351377454
Togo,46,2015,,93.6597840339157,288,1467.2449413841,1.77600002288818,128.044,0.353791550798152
Togo,46,2016,,88.6679962346874,283,1510.2871318932,1.79100000858307,125.10715,0.353791550798152
Tunisia,47,1990,0,94.161265567647,,5608.33124777751,,114.07641,
Tunisia,47,2000,0,82.4559257711504,,7566.78853739605,3.91400003433228,114.62425,0.362240939761699
Tunisia,47,2005,0.33,90.2512478803945,48,8799.20742233922,5.23600006103516,111.59859,0.363033152085737
Tunisia,47,2010,1,104.148633325139,40,10440.9649532548,6.74300003051758,107.19214,0.367350894251247
Tunisia,47,2011,1,104.529074833856,40,10139.1314565661,5.83599996566772,107.79875,0.368380074154328
Tunisia,47,2012,0,106.531076947568,40,10442.2709081703,6.91499996185303,109.89745,0.367133928519662
Tunisia,47,2013,0,103.449904916021,40,10638.6272159585,7.1230001449585,111.39011,0.366395692195647
Tunisia,47,2014,0,100.8261877144,40,10845.5740418812,7.11899995803833,113.33362,0.365657455871632
Tunisia,47,2015,0,92.2331209093024,40,10860.5198108706,7.10500001907349,114.55494,0.365747376897514
Tunisia,47,2016,0,92.011101199326,40,10876.9999907808,7.10200023651123,114.92017,0.365747376897514
Uganda,48,1990,0,26.6095437605897,,773.199678311356,,70.99821,
Uganda,48,2000,0,32.7490333383822,,1067.04999865993,0.305000007152557,131.48731,0.330005831424107
Uganda,48,2005,0,38.9942854848779,66,1260.65704911059,0.521000027656555,122.93119,0.332936781642676
Uganda,48,2010,0,45.719821647259,66,1585.37517575313,1.97099995613098,121.98231,0.335253753136321
Uganda,48,2011,0,52.9364421879587,40,1679.93785536683,2.57100009918213,114.31664,0.332906967345543
Uganda,48,2012,0,53.3384910301152,51,1689.77724447802,3.30200004577637,113.9004,0.330767220892239
Uganda,48,2013,,50.8965330834594,46,1694.67810014202,3.28800010681152,112.04893,0.328627474438935
Uganda,48,2014,,46.3165281967351,42,1722.49137694146,3.25999999046326,,0.326694767323105
Uganda,48,2015,,47.6644212960542,42,1749.60234940908,3.24399995803833,102.6484,0.327660610931913
Uganda,48,2016,,47.1145215972656,42,1767.49689955121,3.21700000762939,104.00066,0.327660610931913
Zambia,49,1990,0,,,2339.1379586878,,91.54388,
Zambia,49,2000,0,60.3874689884965,,2126.25764084021,0.400000005960464,79.03787,0.255366506385602
Zambia,49,2005,0,62.200282191364,73,2523.60344384401,1.00999999046326,112.09461,0.246483200879324
Zambia,49,2010,0,67.900929786177,45,3338.09718592616,0.296000003814697,106.97877,0.237994588042885
Zambia,49,2011,0,76.2128340604652,45,3419.01045990353,0.289000004529953,108.06851,0.236338273343092
Zambia,49,2012,0,79.0997421414071,45,3566.38252131215,0.280000001192093,108.12965,0.234681958643299
Zambia,49,2013,,84.5972887157579,45,3631.0038583767,0.284000009298325,102.71367,0.233025643943506
Zambia,49,2014,,80.0635608946654,45,3684.68550667149,0.287000000476837,104.33199,0.231369329243713
Zambia,49,2015,,79.8651551332171,45,3677.73501885216,0.289000004529953,101.46048,0.22971301454392
Zambia,49,2016,,73.9585743505261,45,3703.01286555297,0.293000012636185,98.60698,0.22971301454392
Zimbabwe,50,1990,0,45.6592519741447,,2819.54946749144,,98.95223,
Zimbabwe,50,2000,0,74.0674111297806,,2945.99321170012,0.409999996423721,105.88432,0.302175723736448
Zimbabwe,50,2005,0,76.0437072796166,30,1974.64508141424,0.495999991893768,,0.298967868864326
Zimbabwe,50,2010,0,83.1241904352153,30,1928.01708073514,0.493000000715256,,0.297864495636948
Zimbabwe,50,2011,0,89.4665267679892,31,2168.11029336035,0.49099999666214,,0.298278574311896
Zimbabwe,50,2012,0,74.1625347237197,36,2486.84793026389,0.488000005483627,112.51679,0.298692652986844
Zimbabwe,50,2013,0,58.6564939956063,36,2491.63513985282,0.479999989271164,109.89279,0.299106731661793
Zimbabwe,50,2014,0,54.6716154208067,36,2506.49021994012,0.479000002145767,,0.299520810336741
Zimbabwe,50,2015,0,56.7488111052137,36,2509.00814024701,0.476000010967255,,0.299934889011689
Zimbabwe,50,2016,0,51.2190246437312,36,2489.09749352291,0.47299998998642,,0.299934889011689